<?xml version="1.0" encoding="UTF-8"?>

<mule xmlns:ee="http://www.mulesoft.org/schema/mule/ee/core" xmlns:db="http://www.mulesoft.org/schema/mule/db"
	xmlns:batch="http://www.mulesoft.org/schema/mule/batch"
	xmlns:salesforce="http://www.mulesoft.org/schema/mule/salesforce" xmlns="http://www.mulesoft.org/schema/mule/core" xmlns:doc="http://www.mulesoft.org/schema/mule/documentation" xmlns:xsi="http://www.w3.org/2001/XMLSchema-instance" xsi:schemaLocation="http://www.mulesoft.org/schema/mule/core http://www.mulesoft.org/schema/mule/core/current/mule.xsd
http://www.mulesoft.org/schema/mule/salesforce http://www.mulesoft.org/schema/mule/salesforce/current/mule-salesforce.xsd
http://www.mulesoft.org/schema/mule/batch http://www.mulesoft.org/schema/mule/batch/current/mule-batch.xsd
http://www.mulesoft.org/schema/mule/db http://www.mulesoft.org/schema/mule/db/current/mule-db.xsd
http://www.mulesoft.org/schema/mule/ee/core http://www.mulesoft.org/schema/mule/ee/core/current/mule-ee.xsd">
	<salesforce:sfdc-config name="Salesforce_Config" doc:name="Salesforce Config" doc:id="d223086c-f3f5-4f09-b65a-e35c70865df6" >
		<salesforce:basic-connection username="${sfdc.username}" password="${sfdc.password}" securityToken="${sfdc.securityToken}"/>
	</salesforce:sfdc-config>
	<configuration-properties doc:name="Configuration properties" doc:id="ff870ec5-257e-4302-941b-4bf4cbf6e759" file="mule.Dev.properties" />
	<db:config name="Database_Config" doc:name="Database Config" doc:id="732bd725-e046-4b5f-9044-b628b54356ef" >
		<db:my-sql-connection host="${db.host}" port="${db.port}" user="${db.user}" password="${db.password}" database="${db.name}" />
	</db:config>
	<flow name="batch_processing_appFlow" doc:id="d5cc88be-081f-497f-a9e3-824cbf83c2a0" >
		<scheduler doc:name="Scheduler" doc:id="b3b0502b-408d-4d90-9d28-1346b5a92156" >
			<scheduling-strategy >
				<fixed-frequency frequency="${frequency}" timeUnit="SECONDS" startDelay="${startDelay}"/>
			</scheduling-strategy>
		</scheduler>
		<salesforce:query doc:name="Query" doc:id="96c9b2c3-8e0c-46b7-afdc-24d1d740a60a" config-ref="Salesforce_Config">
			<salesforce:salesforce-query >SELECT Email,FirstName,LastModifiedDate,LastName FROM Contact WHERE LastModifiedDate &gt;:timestamp</salesforce:salesforce-query>
			<salesforce:parameters ><![CDATA[#[output application/java
---
{
	"timestamp" : (now() - |P1D|) as String
}]]]></salesforce:parameters>
		</salesforce:query>
		<batch:job jobName="batch_processing_appBatch_Job" doc:id="87c0d92a-e0df-4c71-acbe-4e7ee7f1920f" >
			<batch:process-records >
				<batch:step name="Batch_Step" doc:id="a6e6bdcf-f3b4-4a3b-8c00-8804074c80a6" >
					<db:select doc:name="Select" doc:id="a7e40740-4b51-43f8-b2a3-b8673f4ccd32" config-ref="Database_Config" target="recordExists" targetValue="#[payload[0]]">
						<db:sql ><![CDATA[SELECT first_name,last_name,email FROM contact WHERE email = :email]]></db:sql>
						<db:input-parameters ><![CDATA[#[{'email' : payload.Email}]]]></db:input-parameters>
					</db:select>
					<ee:transform doc:name="Transform Message" doc:id="7d1706c9-1ce3-4fe6-a5f1-983b16ba1e9d" >
						<ee:message >
							<ee:set-payload ><![CDATA[%dw 2.0
output application/java
---
{
	"email" : payload.Email,
	"first_name" : payload.FirstName,
	"last_name" : payload.LastName,
	"last_modified" : payload.LastModifiedDate
}]]></ee:set-payload>
						</ee:message>
					</ee:transform>
				</batch:step>
				<batch:step name="Batch_Step1" doc:id="f6656bf7-b70c-4b00-ab0b-a5b50d10753a" acceptExpression="vars.recordExists == null">
					<db:insert doc:name="Insert" doc:id="c55b1b18-1ec4-460b-a914-cf219ae7d634" config-ref="Database_Config">
						<db:sql >INSERT INTO contact (first_name, last_name, email) VALUES (:firstName, :lastName, :email)
</db:sql>
						<db:input-parameters ><![CDATA[#[{ 'firstName' : payload.first_name, 
   'lastName' : payload.last_name,
    'email' : payload.email }]]]></db:input-parameters>
					</db:insert>
				</batch:step>
				<batch:step name="Batch_Step2" doc:id="f21db390-e02b-45d2-87fc-b99a216e4431" acceptExpression="vars.recordExists != null">
					<db:update doc:name="Update" doc:id="8bda35fd-3d4e-4195-93db-22da8bc4e015" config-ref="Database_Config">
						<db:sql >UPDATE contact SET first_name= :firstName,
                                   last_name = :lastName 
                                   WHERE email = :email</db:sql>
						<db:input-parameters ><![CDATA[#[{ 

                'firstName' : payload.first_name,
                'lastName' : payload.last_name, 
                 'email' : payload.email 
                  }]]]></db:input-parameters>
					</db:update>
				</batch:step>
			</batch:process-records>
			<batch:on-complete >
				<logger level="INFO" doc:name="Logger" doc:id="1e518c03-80a5-4943-92c7-499ff4ae7218" message="completed successfully inserting or updating records"/>
			</batch:on-complete>
		</batch:job>
	</flow>
</mule>
